ip,port,anonymityLevel,asn,country,isp,latency,org,protocols,responseTime,speed,updated_at,upTime,upTimeSuccessCount,upTimeTryCount
"173.244.200.156","34515","elite","AS32780","US","Hosting Services, Inc.","76","Hosting Services, Inc.","socks5","53","1","2022-03-25T16:00:51.293Z","100","114","114"
"67.213.212.13","47727","elite","AS32780","US","Hosting Services, Inc.","76","Hosting Services, Inc.","socks5","60","1","2022-03-25T16:00:44.997Z","100","5891","5897"
"143.198.237.236","9050","elite","AS14061","US","DigitalOcean, LLC","N/A","DigitalOcean, LLC","socks5","66","1","2022-03-25T16:00:42.685Z","62","3674","5917"
"173.244.200.154","36852","elite","AS32780","US","Hosting Services, Inc.","76","Hosting Services, Inc.","socks5","59","1","2022-03-25T16:00:35.880Z","100","128","128"
"38.91.106.204","42807","elite","AS63023","US","GTHost","N/A","Globaltelehost Corp","socks5","69","1","2022-03-25T16:00:30.117Z","98","5794","5886"
"188.132.241.162","56109","elite","AS42910","TR","Sadecehosting","N/A","Equinix Turkey Internet Hizmetleri Anonim Sirketi","socks5","60","1","2022-03-25T16:00:26.003Z","75","3951","5299"
"75.111.123.167","1888","elite","AS19108","US","Suddenlink Communications","N/A","Suddenlink Communications","socks5","68","1","2022-03-25T16:00:12.715Z","9","554","6058"
"62.109.31.192","20000","elite","AS29182","RU","Cjsc the First","175","TheFirst","socks5","35","363","2021-06-29T13:00:40.548Z","100","38","38"
"81.143.236.200","elite","AS2856","GB","BT Public Internet Service","185","N/A","443","socks5","55","30001","2022-03-25T18:03:51.770Z","100","1","1"
"176.31.69.143","elite","AS16276","FR","OVH ISP","144","Yap Mikhel Francis Jhon","2002","socks5","62","301","2022-03-25T18:03:37.719Z","100","1","1"
"144.217.148.175","elite","AS16276","CA","OVH Hosting","261","N/A","3820","socks5","57","370","2022-03-25T18:03:32.833Z","100","1","1"
"137.184.57.65","elite","AS14061","US","DigitalOcean, LLC","72","DigitalOcean, LLC","9050","socks5","58","143","2022-03-25T18:03:20.742Z","100","1","1"
"78.38.108.194","elite","AS58224","IR","Iran Telecommunication Company PJS","290","Abol Medical University","1080","socks5","61","1","2022-03-25T18:03:01.943Z","100","1","1"
"8.210.162.239","elite","AS45102","HK","Alibaba (US) Technology Co., Ltd.","152","Alibaba.com Singapore E-Commerce Private Limited","8080","socks5","61","1","2022-03-25T18:02:41.424Z","100","1","1"
"51.79.93.134","elite","AS16276","CA","OVH SAS","67","OVH Hosting, Inc.","1080","socks5","59","69","2022-03-25T18:02:38.190Z","100","1","1"
"5.188.211.54","elite","AS34665","RU","PIN DC","189","N/A","7777","socks5","64","30003","2022-03-25T18:02:32.806Z","100","1","1"
"5.11.17.230","elite","AS42705","IQ","talia.net","231","Talia Ltd","1080","socks5","59","30001","2022-03-25T18:02:25.893Z","100","1","1"
"62.171.144.238","elite","AS51167","DE","Contabo GmbH","166","Contabo GmbH","5566","socks5","61","1","2022-03-25T18:02:18.741Z","100","1","1"
"47.240.226.173","elite","AS45102","HK","Alibaba.com LLC","N/A","ALICLOUD-HK","1080","socks5","68","189","2022-03-25T18:02:11.449Z","0","0","1"
"43.224.10.13","elite","AS45916","IN","gtpl hariom world vision","242","Gtpl Broadband Pvt. Ltd.","6667","socks5","78","3733","2022-03-25T18:01:57.574Z","100","1","1"
"129.146.216.187","elite","AS31898","US","Oracle Corporation","N/A","Oracle Cloud Infrastructure (us-phoenix-1)","20000","socks5","52","1","2022-03-25T18:01:51.334Z","0","0","1"
"43.224.10.35","elite","AS45916","IN","gtpl hariom world vision","254","Gtpl Broadband Pvt. Ltd.","6667","socks5","53","30002","2022-03-25T18:01:36.871Z","100","1","1"
"207.188.180.35","elite","AS15704","ES","Xtra Telecom S.A.","154","Xtra Telecom S.A","9999","socks5","56","30005","2022-03-25T18:01:34.518Z","100","1","1"
"198.27.108.198","elite","AS16276","CA","OVH SAS","67","OVH Hosting, Inc.","8020","socks5","58","1","2022-03-25T18:01:27.150Z","100","1","1"
"103.85.232.20","elite","AS136272","BD","SUN ONLINE","272","Mohammad Anower Hossain","1080","socks5","65","579","2022-03-25T18:01:26.926Z","100","1","1"
"43.154.54.110","elite","AS132203","HK","Shenzhen Tencent Computer Systems Company Limited","160","Tencent Cloud Computing (Beijing) Co., Ltd","10808","socks5","60","1","2022-03-25T18:01:10.362Z","100","1","1"
"43.224.8.12","elite","AS45916","IN","gtpl hariom world vision","233","Gtpl Broadband Pvt. Ltd.","6667","socks5","63","1","2022-03-25T18:01:08.099Z","100","1","1"
"61.174.68.160","elite","AS136188","CN","China Telecom","N/A","N/A","7302","socks5","61","343","2022-03-25T18:01:03.420Z","0","0","1"
"103.250.166.17","elite","AS45916","IN","GTPL Ahmedabad Cable N/W pvt. Ltd.","254","Gtpl Broadband Pvt. Ltd.","6667","socks5","55","4741","2022-03-25T18:00:59.856Z","100","1","1"
"103.216.82.19","elite","AS45916","IN","Gtpl Dcpl Private Limited","253","Gtpl Dcpl Private Limited","6667","socks5","60","503","2022-03-25T18:00:54.852Z","100","1","1"
"173.244.200.156","elite","AS32780","US","Hosting Services, Inc.","76","Hosting Services, Inc.","34515","socks5","57","1","2022-03-25T18:00:51.233Z","100","116","116"
"67.213.212.13","elite","AS32780","US","Hosting Services, Inc.","76","Hosting Services, Inc.","47727","socks5","57","1","2022-03-25T18:00:44.953Z","100","5893","5899"
"143.198.237.236","elite","AS14061","US","DigitalOcean, LLC","N/A","DigitalOcean, LLC","9050","socks5","57","1","2022-03-25T18:00:42.659Z","62","3674","5919"
"77.78.30.209","elite","AS34569","BG","NETWORX-BG Ltd","191","N/A","18500","socks5","64","1","2022-03-25T18:00:36.110Z","100","1","1"
"173.244.200.154","elite","AS32780","US","Hosting Services, Inc.","75","Hosting Services, Inc.","36852","socks5","67","1","2022-03-25T18:00:35.905Z","100","130","130"
"38.91.106.204","elite","AS63023","US","GTHost","N/A","Globaltelehost Corp","42807","socks5","57","1","2022-03-25T18:00:30.131Z","98","5794","5888"
"95.217.7.105","elite","AS24940","FI","Hetzner Online GmbH","174","HETZNER-DC","4002","socks5","53","30003","2022-03-25T18:00:30.418Z","100","1","1"
"188.132.241.162","elite","AS42910","TR","Sadecehosting","N/A","Equinix Turkey Internet Hizmetleri Anonim Sirketi","56109","socks5","61","1","2022-03-25T18:00:26.032Z","75","3951","5301"
"193.162.105.1","elite","AS47773","TR","Binet Telekomunikasyon LTD. STI.","197","Binet Telekomunikasyon LTD. STI","1080","socks5","60","17072","2022-03-25T18:00:20.770Z","100","1","1"
"75.111.123.167","elite","AS19108","US","Suddenlink Communications","N/A","Suddenlink Communications","1888","socks5","62","1","2022-03-25T18:00:12.877Z","9","554","6060"
"181.3.14.36","elite","AS7303","AR","Telecom Argentina S.A.","234","Telecom Personal Bs","1080","socks5","59","269","2022-03-25T18:00:11.099Z","100","1","1"
"18.218.229.116","elite","AS16509","US","Amazon.com, Inc.","N/A","AWS EC2 (us-east-2)","4001","socks5","64","117","2022-03-25T18:00:07.516Z","0","0","1"
"162.144.105.150","elite","AS46606","US","Unified Layer","29","Unified Layer","44316","socks5","60","62","2022-03-25T18:00:07.406Z","100","1","1"
"139.59.47.116","elite","AS14061","IN","DigitalOcean","224","DigitalOcean, LLC","6603","socks5","59","448","2022-03-25T18:00:02.673Z","100","1","1"
"62.109.31.192","elite","AS29182","RU","Cjsc the First","175","TheFirst","20000","socks5","35","363","2021-06-29T13:00:40.548Z","100","38","38"